{
  "humor": {
    "-2.0": {
      "baseline_wins": 5,
      "steered_wins": 0,
      "unclear": 0,
      "disagreements": 9,
      "total": 14,
      "steered_win_rate": 0.0,
      "net_effect": -0.35714285714285715,
      "agreement_rate": 0.35714285714285715
    },
    "-1.0": {
      "baseline_wins": 1,
      "steered_wins": 4,
      "unclear": 0,
      "disagreements": 9,
      "total": 14,
      "steered_win_rate": 0.8,
      "net_effect": 0.21428571428571427,
      "agreement_rate": 0.35714285714285715
    },
    "-0.5": {
      "baseline_wins": 2,
      "steered_wins": 3,
      "unclear": 1,
      "disagreements": 8,
      "total": 14,
      "steered_win_rate": 0.6,
      "net_effect": 0.07142857142857142,
      "agreement_rate": 0.35714285714285715
    },
    "0.5": {
      "baseline_wins": 0,
      "steered_wins": 5,
      "unclear": 0,
      "disagreements": 9,
      "total": 14,
      "steered_win_rate": 1.0,
      "net_effect": 0.35714285714285715,
      "agreement_rate": 0.35714285714285715
    },
    "1.0": {
      "baseline_wins": 3,
      "steered_wins": 6,
      "unclear": 0,
      "disagreements": 5,
      "total": 14,
      "steered_win_rate": 0.6666666666666666,
      "net_effect": 0.21428571428571427,
      "agreement_rate": 0.6428571428571429
    },
    "2.0": {
      "baseline_wins": 1,
      "steered_wins": 6,
      "unclear": 0,
      "disagreements": 7,
      "total": 14,
      "steered_win_rate": 0.8571428571428571,
      "net_effect": 0.35714285714285715,
      "agreement_rate": 0.5
    }
  },
  "goodness": {
    "-2.0": {
      "baseline_wins": 7,
      "steered_wins": 5,
      "unclear": 1,
      "disagreements": 1,
      "total": 14,
      "steered_win_rate": 0.4166666666666667,
      "net_effect": -0.14285714285714285,
      "agreement_rate": 0.8571428571428571
    },
    "-1.0": {
      "baseline_wins": 3,
      "steered_wins": 6,
      "unclear": 3,
      "disagreements": 2,
      "total": 14,
      "steered_win_rate": 0.6666666666666666,
      "net_effect": 0.21428571428571427,
      "agreement_rate": 0.6428571428571429
    },
    "-0.5": {
      "baseline_wins": 8,
      "steered_wins": 3,
      "unclear": 3,
      "disagreements": 0,
      "total": 14,
      "steered_win_rate": 0.2727272727272727,
      "net_effect": -0.35714285714285715,
      "agreement_rate": 0.7857142857142857
    },
    "0.5": {
      "baseline_wins": 2,
      "steered_wins": 3,
      "unclear": 5,
      "disagreements": 4,
      "total": 14,
      "steered_win_rate": 0.6,
      "net_effect": 0.07142857142857142,
      "agreement_rate": 0.35714285714285715
    },
    "1.0": {
      "baseline_wins": 1,
      "steered_wins": 3,
      "unclear": 4,
      "disagreements": 6,
      "total": 14,
      "steered_win_rate": 0.75,
      "net_effect": 0.14285714285714285,
      "agreement_rate": 0.2857142857142857
    },
    "2.0": {
      "baseline_wins": 2,
      "steered_wins": 6,
      "unclear": 0,
      "disagreements": 6,
      "total": 14,
      "steered_win_rate": 0.75,
      "net_effect": 0.2857142857142857,
      "agreement_rate": 0.5714285714285714
    }
  },
  "sarcasm": {
    "-2.0": {
      "baseline_wins": 5,
      "steered_wins": 7,
      "unclear": 0,
      "disagreements": 2,
      "total": 14,
      "steered_win_rate": 0.5833333333333334,
      "net_effect": 0.14285714285714285,
      "agreement_rate": 0.8571428571428571
    },
    "-1.0": {
      "baseline_wins": 3,
      "steered_wins": 6,
      "unclear": 0,
      "disagreements": 5,
      "total": 14,
      "steered_win_rate": 0.6666666666666666,
      "net_effect": 0.21428571428571427,
      "agreement_rate": 0.6428571428571429
    },
    "-0.5": {
      "baseline_wins": 4,
      "steered_wins": 7,
      "unclear": 0,
      "disagreements": 3,
      "total": 14,
      "steered_win_rate": 0.6363636363636364,
      "net_effect": 0.21428571428571427,
      "agreement_rate": 0.7857142857142857
    },
    "0.5": {
      "baseline_wins": 6,
      "steered_wins": 5,
      "unclear": 1,
      "disagreements": 2,
      "total": 14,
      "steered_win_rate": 0.45454545454545453,
      "net_effect": -0.07142857142857142,
      "agreement_rate": 0.7857142857142857
    },
    "1.0": {
      "baseline_wins": 5,
      "steered_wins": 3,
      "unclear": 0,
      "disagreements": 6,
      "total": 14,
      "steered_win_rate": 0.375,
      "net_effect": -0.14285714285714285,
      "agreement_rate": 0.5714285714285714
    },
    "2.0": {
      "baseline_wins": 8,
      "steered_wins": 2,
      "unclear": 0,
      "disagreements": 4,
      "total": 14,
      "steered_win_rate": 0.2,
      "net_effect": -0.42857142857142855,
      "agreement_rate": 0.7142857142857143
    }
  },
  "sycophancy": {
    "-2.0": {
      "baseline_wins": 2,
      "steered_wins": 11,
      "unclear": 0,
      "disagreements": 1,
      "total": 14,
      "steered_win_rate": 0.8461538461538461,
      "net_effect": 0.6428571428571429,
      "agreement_rate": 0.9285714285714286
    },
    "-1.0": {
      "baseline_wins": 1,
      "steered_wins": 5,
      "unclear": 0,
      "disagreements": 8,
      "total": 14,
      "steered_win_rate": 0.8333333333333334,
      "net_effect": 0.2857142857142857,
      "agreement_rate": 0.42857142857142855
    },
    "-0.5": {
      "baseline_wins": 5,
      "steered_wins": 3,
      "unclear": 0,
      "disagreements": 6,
      "total": 14,
      "steered_win_rate": 0.375,
      "net_effect": -0.14285714285714285,
      "agreement_rate": 0.5714285714285714
    },
    "0.5": {
      "baseline_wins": 4,
      "steered_wins": 3,
      "unclear": 0,
      "disagreements": 7,
      "total": 14,
      "steered_win_rate": 0.42857142857142855,
      "net_effect": -0.07142857142857142,
      "agreement_rate": 0.5
    },
    "1.0": {
      "baseline_wins": 6,
      "steered_wins": 2,
      "unclear": 0,
      "disagreements": 6,
      "total": 14,
      "steered_win_rate": 0.25,
      "net_effect": -0.2857142857142857,
      "agreement_rate": 0.5714285714285714
    },
    "2.0": {
      "baseline_wins": 7,
      "steered_wins": 0,
      "unclear": 0,
      "disagreements": 7,
      "total": 14,
      "steered_win_rate": 0.0,
      "net_effect": -0.5,
      "agreement_rate": 0.5
    }
  }
}